<assembly xmlns="http://maven.apache.org/plugins/maven-assembly-plugin/assembly/1.1.0"
          xmlns:xsi="http://www.w3.org/2001/XMLSchema-instance"
          xsi:schemaLocation="http://maven.apache.org/plugins/maven-assembly-plugin/assembly/1.1.0 http://maven.apache.org/xsd/assembly-1.1.0.xsd">
    <id>src</id>
    <formats>
        <format>zip</format>
    </formats>
    <fileSets>
        <fileSet>
            <directory>src/</directory>
            <useDefaultExcludes>true</useDefaultExcludes>
        </fileSet>
        <fileSet>
            <directory></directory>
            <includes>
                <include>pom.xml</include>
            </includes>
        </fileSet>
        <fileSet>
            <directory>target/</directory>
            <includes>
                <include>log.txt</include>
            </includes>
            <outputDirectory>/</outputDirectory>
        </fileSet>
    </fileSets>
</assembly>